Layer,	Cycles,	% Utilization,
Conv1,	6750,	27.06870659722222,
Conv2,	12190,	97.40360951599672,
